No. user,No. miner,No. minerNeighbours,init No. tx:,delay between fog node(ms),delay between end users(ms),upload bandwidth(KB/S),download bandwidth(KB/S),gossip,fail pending time(secs),queue limit,injection rate(per sec),tx per block,<-parameter / result->,final No. block,fail time(secs),average transaction pending time(ms),average block time(ms),average uploadtime(ms),average downloadtime(ms),simulation time(sec),total upload time(sec),total download time(sec),total network delay time(sec),elapsed time(secs)
10,10,3,100,0,0,100.0,200.0,False,-2,200,50,5,<-parameter / result->,32,-1.0,366.66894710063946,39.18003171682358,26.042480468750004,13.021240234375002,1.2537610149383545,0.8333593750000001,0.41667968750000006,0.0,0.008671998977661133
10,10,3,100,0,0,100.0,200.0,False,-2,200,50,5,<-parameter / result->,47,-1.0,528.6722242730295,58.37388525617884,38.80776263297872,19.40388131648936,2.7435726070404054,1.8239648437499998,0.9119824218749999,0.0,0.014887094497680664
10,10,3,100,0,0,100.0,200.0,False,-2,200,50,5,<-parameter / result->,38,-1.0,432.7711702647962,48.90477531834652,32.50796669407895,16.253983347039476,1.8583814620971677,1.2353027343750003,0.6176513671875001,0.0,0.011249542236328125
10,10,3,100,0,0,100.0,200.0,False,-2,200,5,5,<-parameter / result->,21,-1.0,310.08019447326654,29.31566420055571,19.465680803571423,9.732840401785712,0.6156289482116699,0.4087792968749999,0.20438964843749996,0.0,0.0063745975494384766
10,10,3,100,0,0,100.0,200.0,False,-2,200,50,5,<-parameter / result->,32,-1.0,363.8513404726981,39.16121304035186,26.036376953125007,13.018188476562504,1.2531588172912596,0.8331640625000002,0.4165820312500001,0.0,0.009300708770751953
10,10,3,100,0,0,100.0,200.0,False,-2,200,55,5,<-parameter / result->,35,-1.0,357.1748226915482,38.93357304164342,25.85825892857144,12.92912946428572,1.3626750564575196,0.9050390625000004,0.4525195312500002,0.0,0.011771202087402344
