No. user,No. miner,No. minerNeighbours,init No. tx:,delay between fog node(ms),delay between end users(ms),upload bandwidth(KB/S),download bandwidth(KB/S),gossip,fail pending time(secs),queue limit,injection rate(per sec),tx per block,<-parameter / result->,final No. block,fail time(secs),average transaction pending time(ms),average block time(ms),average uploadtime(ms),average downloadtime(ms),simulation time(sec),total upload time(sec),total download time(sec),total network delay time(sec),elapsed time(secs)
10,10,3,100,0,0,100.0,200.0,False,-2,200,50,5,<-parameter / result->,32,-1.0,366.66894710063946,39.18003171682358,26.042480468750004,13.021240234375002,1.2537610149383545,0.8333593750000001,0.41667968750000006,0.0,0.008671998977661133
10,10,3,100,0,0,100.0,200.0,False,-2,200,50,5,<-parameter / result->,47,-1.0,528.6722242730295,58.37388525617884,38.80776263297872,19.40388131648936,2.7435726070404054,1.8239648437499998,0.9119824218749999,0.0,0.014887094497680664
10,10,3,100,0,0,100.0,200.0,False,-2,200,50,5,<-parameter / result->,38,-1.0,432.7711702647962,48.90477531834652,32.50796669407895,16.253983347039476,1.8583814620971677,1.2353027343750003,0.6176513671875001,0.0,0.011249542236328125
